{
  "pages": [
    {
      "title": "Tin Foil Hat Mode",
      "description": "Privacy-first settings that keep your data off the menu.",
      "tip": "Flip the homepage switch to swap the Netlify form for offline instructions."
    },
    {
      "title": "Gremlin Grease",
      "description": "A micro-reward that slides you back into flow without guilt.",
      "tip": "Five minutes of something silly counts. The point is momentum, not punishment."
    },
    {
      "title": "Focus Bubble",
      "description": "A distraction-free zone with automatic nudge shields.",
      "tip": "Pair with a 20-minute chaos clock to get in and out before your brain rebels."
    },
    {
      "title": "Beat Your Baseline",
      "description": "Gamify tiny wins to outpace yesterday, not the internet.",
      "tip": "Log the smallest move that nudged the metric. Yesterday is the only rival."
    },
    {
      "title": "Chaos Clocking",
      "description": "Timeboxing for people who hate timeboxes. Elastic, forgiving, effective.",
      "tip": "Set a stretch window: start in the first 5 minutes, finish within 30."
    },
    {
      "title": "Momentum Ledger",
      "description": "A weekly gut-check on what actually moved the needle (and what didn’t).",
      "tip": "Three columns: Wins, Wobbles, Keepers. Fill before Sunday night."
    },
    {
      "title": "Signal Stash",
      "description": "A bookmark folder of reminders, scripts, and dopamine triggers you can trust.",
      "tip": "Color-code by energy level so you know which stash to open on low-fuel days."
    },
    {
      "title": "Baseline Buddy",
      "description": "A check-in ritual with someone who gets the neurospice, no judgment allowed.",
      "tip": "Share your top three planned moves, then debrief on what actually happened."
    }
  ]
}
