[
  {
    "title": "Divergify Tee",
    "price": "$24",
    "url": "https://www.printful.com/dashboard/your-product-link-here",
    "image": "/assets/divergify_tee.png"
  },
  {
    "title": "Dopamine Ladder Mug",
    "price": "$16",
    "url": "https://www.printful.com/dashboard/your-product-link-here",
    "image": "/assets/dopamine_mug.png"
  },
  {
    "title": "Tin Foil Hat Mode Cap",
    "price": "$28",
    "url": "https://www.printful.com/dashboard/your-product-link-here",
    "image": "/assets/tin_foil_hat.png"
  },
  {
    "title": "Task Cake Poster",
    "price": "$18",
    "url": "https://www.printful.com/dashboard/your-product-link-here",
    "image": "/assets/task_cake_poster.png"
  }
]